studio,city,state,email
Studio Satya Yoga,Austin,TX,info@studiosatya.com
Shuniya Yoga Collective,Austin,TX,satnam@shuniyayogacollective.com
Mysore Austin,Austin,TX,andrew@mysoreaustin.com
Obelisk Pilates-Yoga,Austin,TX,Obeliskpilatesyoga@gmail.com
YTX Yoga Strength HIIT Training,Austin,TX,info@ytxaustin.com
Practice Yoga Austin,Austin,TX,info@practiceyogaaustin.com
Sanctuary Yoga,Austin,TX,studio@yoga-sanctuary.com
Sukha Yoga Austin,Austin,TX,namaste@sukhayogaaustin.com
Oak + Lotus Yoga,Austin,TX,Info@OakAndLotusYoga.com
Breath and Body Yoga,Austin,TX,info@breathandbodyyoga.com
Wild Heart Yoga,Austin,TX,info@wildheartyogaaustin.com
Flow Yoga,Austin,TX,info@flowyogatx.com
Kula Yoga Center,Denver,CO,info@kulayogacenter.org
Rishi Community Yoga,Denver,CO,info@rcyoga.com
Dubwise Yoga,Denver,CO,info@dubwiseyoga.com
PranaYoga and Ayurveda Mandala,Denver,CO,pyamandala@gmail.com
Karma Yoga Center,Denver,CO,love@karmayogacenter.com
Kindness Yoga,Denver,CO,support@kindnesscollective.com
Your Buddhi,San Diego,CA,info@yourbuddhi.com
Elka Yoga,San Diego,CA,anna@elkayoga.com
San Diego Yoga Center,San Diego,CA,charlene@sdyogacenter.com
